Departamento,Empresa,Variable Calculada,Estrato 1,Estrato 2,Estrato 3,Estrato 4,Estrato 5,Estrato 6,Total Residencial,Industrial,Comercial,Oficial,Otros,Total No Residencial
ANTIOQUIA,CELSIA COLOMBIA S.A. E.S.P.,usuarios Empresa Departamento,0,0,0,0,0,0,0,4,0,0,0,4
ANTIOQUIA,CENTRAL HIDROELECTRICA DE CALDAS S.A. E.S.P. BIC BENEFICIO E INTERES COLECTIVO,usuarios Empresa Departamento,76,461,6,0,0,0,543,0,20,2,17,39
ANTIOQUIA,DISTRIBUIDORA Y COMERCIALIZADORA DE ENERGIA ELECTRICA S.A. E.S.P.,usuarios Empresa Departamento,0,0,0,0,0,0,0,4,20,0,0,24
ANTIOQUIA,E2 ENERGIA EFICIENTE S.A. E.S.P.,usuarios Empresa Departamento,0,0,0,0,0,0,0,0,13,0,0,13
ANTIOQUIA,ELECTRIFICADORA DEL CARIBE S.A. E.S.P.,usuarios Empresa Departamento,0,0,0,0,0,0,0,8,6,0,0,14
ANTIOQUIA,EMPRESA MUNICIPAL DE ENERGÍA ELÉCTRICA S.A-E.S.P,usuarios Empresa Departamento,0,0,0,0,0,0,0,1,0,0,0,1
ANTIOQUIA,EMPRESAS MUNICIPALES DE CALI   E.I.C.E  E.S.P,usuarios Empresa Departamento,0,0,0,0,0,0,0,1,1,2,0,4
ANTIOQUIA,EMPRESAS PÚBLICAS DE MEDELLIN E.S.P.,usuarios Empresa Departamento,383103,712835,514380,135705,87249,37026,1870298,16136,146159,10445,3127,175867
ANTIOQUIA,ENEL COLOMBIA S.A. E.S.P.,usuarios Empresa Departamento,0,0,0,0,0,0,0,13,19,4,1,37
ANTIOQUIA,ENERGIA EMPRESARIAL DE LA COSTA S.A. E.S.P.,usuarios Empresa Departamento,0,0,0,0,0,0,0,1,0,0,0,1
ANTIOQUIA,ENERTOTAL S.A. E.S.P.,usuarios Empresa Departamento,4,909,121,28,368,0,1430,198,1825,311,39,2373
ANTIOQUIA,GENERADORA Y COMERCIALIZADORA DE ENERGIA DEL CARIBE S.A E.S.P,usuarios Empresa Departamento,0,0,0,0,0,0,0,3,0,0,0,3
ANTIOQUIA,ISAGEN S.A. E.S.P.,usuarios Empresa Departamento,0,0,0,0,0,0,0,63,0,0,0,63
ANTIOQUIA,ITALCOL ENERGIA S.A. ESP.,usuarios Empresa Departamento,0,0,0,0,0,0,0,1,0,0,0,1
ANTIOQUIA,PROFESIONALES EN ENERGÍA S.A E.S.P,usuarios Empresa Departamento,0,0,0,0,0,0,0,4,0,0,0,4
ANTIOQUIA,SPECTRUM RENOVAVEIS SAS ESP,usuarios Empresa Departamento,0,0,0,0,0,0,0,1,0,0,0,1
ANTIOQUIA,VATIA S.A. E.S.P.,usuarios Empresa Departamento,1,0,163,607,1258,1139,3168,77,1930,0,12,2019
ARAUCA,ELECTRIFICADORA DEL CARIBE S.A. E.S.P.,usuarios Empresa Departamento,0,0,0,0,0,0,0,0,1,0,0,1
ARAUCA,EMPRESA DE ENERGIA DE ARAUCA,usuarios Empresa Departamento,36602,15829,4138,547,0,0,57116,5,4488,1031,7,5531
ARAUCA,ENEL COLOMBIA S.A. E.S.P.,usuarios Empresa Departamento,0,0,0,0,0,0,0,1,0,0,0,1
ARAUCA,ENERGIA EMPRESARIAL DE LA COSTA S.A. E.S.P.,usuarios Empresa Departamento,0,0,0,0,0,0,0,0,0,0,0,0
ARAUCA,ISAGEN S.A. E.S.P.,usuarios Empresa Departamento,0,0,0,0,0,0,0,1,0,0,0,1
ARAUCA,PROFESIONALES EN ENERGÍA S.A E.S.P,usuarios Empresa Departamento,0,0,0,0,0,0,0,0,0,0,1,1
ARAUCA,VATIA S.A. E.S.P.,usuarios Empresa Departamento,0,0,0,0,0,0,0,0,2,0,0,2
ATLANTICO,CELSIA COLOMBIA S.A. E.S.P.,usuarios Empresa Departamento,0,0,0,0,0,0,0,1,0,0,0,1
ATLANTICO,DISTRIBUIDORA Y COMERCIALIZADORA DE ENERGIA ELECTRICA S.A. E.S.P.,usuarios Empresa Departamento,0,0,0,0,0,0,0,1,11,0,0,12
ATLANTICO,E2 ENERGIA EFICIENTE S.A. E.S.P.,usuarios Empresa Departamento,0,0,0,0,0,0,0,0,31,0,0,31
ATLANTICO,ELECTRIFICADORA DEL CARIBE S.A. E.S.P.,usuarios Empresa Departamento,201623,154367,79500,35295,11878,9806,492469,923,25771,903,1418,29015
ATLANTICO,EMPRESAS MUNICIPALES DE CALI   E.I.C.E  E.S.P,usuarios Empresa Departamento,0,0,0,0,0,0,0,1,0,2,0,3
ATLANTICO,EMPRESAS PÚBLICAS DE MEDELLIN E.S.P.,usuarios Empresa Departamento,0,0,0,0,0,0,0,7,21,0,0,28
ATLANTICO,ENEL COLOMBIA S.A. E.S.P.,usuarios Empresa Departamento,0,0,0,0,0,0,0,8,1,0,18,27
ATLANTICO,ENERGIA EMPRESARIAL DE LA COSTA S.A. E.S.P.,usuarios Empresa Departamento,0,0,0,0,0,0,0,11,6,0,8,25
ATLANTICO,ENERGIA SOCIAL DE LA COSTA S.A. ESP,usuarios Empresa Departamento,413,0,0,0,0,0,413,0,7,3,8,18
ATLANTICO,ENERTOTAL S.A. E.S.P.,usuarios Empresa Departamento,0,0,0,0,0,0,0,0,13,1,0,14
ATLANTICO,GENERADORA Y COMERCIALIZADORA DE ENERGIA DEL CARIBE S.A E.S.P,usuarios Empresa Departamento,0,0,0,0,0,0,0,2,0,0,0,2
ATLANTICO,ISAGEN S.A. E.S.P.,usuarios Empresa Departamento,0,0,0,0,0,0,0,5,0,0,0,5
ATLANTICO,ITALCOL ENERGIA S.A. ESP.,usuarios Empresa Departamento,0,0,0,0,0,0,0,3,0,0,0,3
ATLANTICO,VATIA S.A. E.S.P.,usuarios Empresa Departamento,2,92,1697,1921,1322,1475,6509,78,2193,15,12,2298
BOLIVAR,CENTRALES ELECTRICAS DEL NORTE DE SANTANDER S.A. ESP,usuarios Empresa Departamento,1965,692,20,8,0,0,2685,2,70,43,9,124
BOLIVAR,DISTRIBUIDORA Y COMERCIALIZADORA DE ENERGIA ELECTRICA S.A. E.S.P.,usuarios Empresa Departamento,0,0,0,0,0,0,0,2,15,0,0,17
BOLIVAR,E2 ENERGIA EFICIENTE S.A. E.S.P.,usuarios Empresa Departamento,0,0,0,0,0,0,0,0,18,0,0,18
BOLIVAR,ELECTRIFICADORA DE SANTANDER S.A. E.S.P.,usuarios Empresa Departamento,5640,716,1,0,0,0,6357,18,562,91,6,677
BOLIVAR,ELECTRIFICADORA DEL CARIBE S.A. E.S.P.,usuarios Empresa Departamento,214896,116411,43144,16183,8690,10747,410071,462,17887,778,1887,21014
BOLIVAR,EMPRESAS MUNICIPALES DE CALI   E.I.C.E  E.S.P,usuarios Empresa Departamento,0,0,0,0,0,0,0,0,0,3,0,3
BOLIVAR,EMPRESAS PÚBLICAS DE MEDELLIN E.S.P.,usuarios Empresa Departamento,0,0,0,0,0,0,0,5,14,0,0,19
BOLIVAR,ENEL COLOMBIA S.A. E.S.P.,usuarios Empresa Departamento,0,0,0,0,0,0,0,6,4,0,0,10
BOLIVAR,ENERGIA EMPRESARIAL DE LA COSTA S.A. E.S.P.,usuarios Empresa Departamento,0,0,0,0,0,0,0,9,5,0,0,14
BOLIVAR,ENERGIA SOCIAL DE LA COSTA S.A. ESP,usuarios Empresa Departamento,240,0,0,0,0,0,240,0,10,0,5,15
BOLIVAR,ENERTOTAL S.A. E.S.P.,usuarios Empresa Departamento,0,0,1,0,0,0,1,14,4,0,0,18
BOLIVAR,ISAGEN S.A. E.S.P.,usuarios Empresa Departamento,0,0,0,0,0,0,0,2,0,0,0,2
BOLIVAR,ITALCOL ENERGIA S.A. ESP.,usuarios Empresa Departamento,0,0,0,0,0,0,0,1,0,0,0,1
BOLIVAR,VATIA S.A. E.S.P.,usuarios Empresa Departamento,0,0,0,2,0,0,2,4,68,0,0,72
BOYACA,CELSIA COLOMBIA S.A. E.S.P.,usuarios Empresa Departamento,0,0,0,0,0,0,0,2,0,0,0,2
BOYACA,CODENSA S.A. ESP,usuarios Empresa Departamento,318,2744,54,15,7,0,3138,167,53,25,19,264
BOYACA,DISTRIBUIDORA Y COMERCIALIZADORA DE ENERGIA ELECTRICA S.A. E.S.P.,usuarios Empresa Departamento,0,0,0,0,0,0,0,7,4,0,0,11
BOYACA,ELECTRIFICADORA DE SANTANDER S.A. E.S.P.,usuarios Empresa Departamento,0,76,0,0,0,0,76,0,0,5,0,5
BOYACA,ELECTRIFICADORA DEL CARIBE S.A. E.S.P.,usuarios Empresa Departamento,0,0,0,0,0,0,0,2,4,0,0,6
BOYACA,EMPRESA DE ENERGIA DE BOYACA S.A. E.S.P. EMPRESA DE SERVICIOS PUBLICOS,usuarios Empresa Departamento,42768,268761,58054,13924,4136,10,387653,1963,30406,4418,2108,38895
BOYACA,EMPRESA DE ENERGIA DE CASANARE SA ESP,usuarios Empresa Departamento,0,0,0,0,0,0,0,0,0,0,1,1
BOYACA,EMPRESAS MUNICIPALES DE CALI   E.I.C.E  E.S.P,usuarios Empresa Departamento,0,0,0,0,0,0,0,1,0,0,0,1
BOYACA,EMPRESAS PÚBLICAS DE MEDELLIN E.S.P.,usuarios Empresa Departamento,0,0,0,0,0,0,0,12,3,0,0,15
BOYACA,ENEL COLOMBIA S.A. E.S.P.,usuarios Empresa Departamento,0,0,0,0,0,0,0,11,3,0,0,14
BOYACA,ENERGIA EMPRESARIAL DE LA COSTA S.A. E.S.P.,usuarios Empresa Departamento,0,0,0,0,0,0,0,0,0,0,0,0
BOYACA,ENERTOTAL S.A. E.S.P.,usuarios Empresa Departamento,0,0,0,0,0,0,0,3,6,5,2,16
BOYACA,GENERADORA Y COMERCIALIZADORA DE ENERGIA DEL CARIBE S.A E.S.P,usuarios Empresa Departamento,0,0,0,0,0,0,0,2,0,0,0,2
BOYACA,ISAGEN S.A. E.S.P.,usuarios Empresa Departamento,0,0,0,0,0,0,0,8,0,0,0,8
BOYACA,VATIA S.A. E.S.P.,usuarios Empresa Departamento,0,0,65,17,34,0,116,73,328,1,29,431
CALDAS,CENTRAL HIDROELECTRICA DE CALDAS S.A. E.S.P. BIC BENEFICIO E INTERES COLECTIVO,usuarios Empresa Departamento,55874,113149,76910,20232,6787,9702,282654,890,27028,1268,4996,34182
CALDAS,DISTRIBUIDORA Y COMERCIALIZADORA DE ENERGIA ELECTRICA S.A. E.S.P.,usuarios Empresa Departamento,0,0,0,0,0,0,0,1,2,0,0,3
CALDAS,E2 ENERGIA EFICIENTE S.A. E.S.P.,usuarios Empresa Departamento,0,0,0,0,0,0,0,0,5,0,0,5
CALDAS,ELECTRIFICADORA DEL CARIBE S.A. E.S.P.,usuarios Empresa Departamento,0,0,0,0,0,0,0,0,2,0,0,2
CALDAS,EMPRESA DE ENERGÍA DE PEREIRA S.A. ESP.,usuarios Empresa Departamento,0,0,0,0,0,0,0,0,0,0,1,1
CALDAS,EMPRESAS MUNICIPALES DE CALI   E.I.C.E  E.S.P,usuarios Empresa Departamento,0,0,0,0,0,0,0,0,1,0,0,1
CALDAS,EMPRESAS PÚBLICAS DE MEDELLIN E.S.P.,usuarios Empresa Departamento,0,0,0,0,0,0,0,4,7,0,0,11
CALDAS,ENEL COLOMBIA S.A. E.S.P.,usuarios Empresa Departamento,0,0,0,0,0,0,0,3,1,0,0,4
CALDAS,ENERGIA EMPRESARIAL DE LA COSTA S.A. E.S.P.,usuarios Empresa Departamento,0,0,0,0,0,0,0,0,0,0,0,0
CALDAS,ENERTOTAL S.A. E.S.P.,usuarios Empresa Departamento,0,0,0,0,0,0,0,0,0,10,0,10
CALDAS,ISAGEN S.A. E.S.P.,usuarios Empresa Departamento,0,0,0,0,0,0,0,13,0,0,0,13
CALDAS,VATIA S.A. E.S.P.,usuarios Empresa Departamento,0,0,0,0,0,0,0,11,33,1,1,46
CAQUETA,ELECTRIFICADORA DEL CAQUETA S.A. ESP,usuarios Empresa Departamento,49516,20339,5878,663,0,0,76396,54,6401,796,14,7265
CAQUETA,ELECTRIFICADORA DEL CARIBE S.A. E.S.P.,usuarios Empresa Departamento,0,0,0,0,0,0,0,1,0,0,0,1
CAQUETA,ELECTRIFICADORA DEL HUILA S.A. E.S.P.,usuarios Empresa Departamento,0,0,0,0,0,0,0,0,1,1,1,3
CAQUETA,EMPRESAS PÚBLICAS DE MEDELLIN E.S.P.,usuarios Empresa Departamento,0,0,0,0,0,0,0,0,1,0,0,1
CAQUETA,ENERGIA EMPRESARIAL DE LA COSTA S.A. E.S.P.,usuarios Empresa Departamento,0,0,0,0,0,0,0,0,0,0,0,0
CAQUETA,ISAGEN S.A. E.S.P.,usuarios Empresa Departamento,0,0,0,0,0,0,0,2,0,0,0,2
CAQUETA,VATIA S.A. E.S.P.,usuarios Empresa Departamento,0,0,0,0,0,0,0,0,1,0,1,2
CASANARE,DISTRIBUIDORA Y COMERCIALIZADORA DE ENERGIA ELECTRICA S.A. E.S.P.,usuarios Empresa Departamento,0,0,0,0,0,0,0,1,6,0,0,7
CASANARE,ELECTRIFICADORA DEL CARIBE S.A. E.S.P.,usuarios Empresa Departamento,0,0,0,0,0,0,0,0,1,0,0,1
CASANARE,EMPRESA DE ENERGIA DE BOYACA S.A. E.S.P. EMPRESA DE SERVICIOS PUBLICOS,usuarios Empresa Departamento,0,0,0,0,0,0,0,2,0,0,1,3
CASANARE,EMPRESA DE ENERGIA DE CASANARE SA ESP,usuarios Empresa Departamento,25096,39209,13011,1839,10,0,79165,233,8433,648,256,9570
CASANARE,EMPRESAS PÚBLICAS DE MEDELLIN E.S.P.,usuarios Empresa Departamento,0,0,0,0,0,0,0,0,1,0,0,1
CASANARE,ENEL COLOMBIA S.A. E.S.P.,usuarios Empresa Departamento,0,0,0,0,0,0,0,0,2,0,0,2
CASANARE,ENERGIA EMPRESARIAL DE LA COSTA S.A. E.S.P.,usuarios Empresa Departamento,0,0,0,0,0,0,0,2,0,0,0,2
CASANARE,ISAGEN S.A. E.S.P.,usuarios Empresa Departamento,0,0,0,0,0,0,0,22,0,0,0,22
CASANARE,LATIN AMERICAN CAPITAL CORP SA ESP,usuarios Empresa Departamento,0,0,0,0,0,0,0,1,0,0,0,1
CASANARE,VATIA S.A. E.S.P.,usuarios Empresa Departamento,0,0,0,0,0,0,0,8,6,1,2,17
CAUCA,CELSIA COLOMBIA S.A. E.S.P.,usuarios Empresa Departamento,0,0,0,0,0,0,0,20,0,0,0,20
CAUCA,COMPAÑIA ENERGETICA DE OCCIDENTE S.A.S.  E.S.P.,usuarios Empresa Departamento,205942,60158,26715,8684,3023,537,305059,1633,11820,3328,521,17302
CAUCA,DISTRIBUIDORA Y COMERCIALIZADORA DE ENERGIA ELECTRICA S.A. E.S.P.,usuarios Empresa Departamento,8,45,0,192,301,0,546,6,45,0,0,51
CAUCA,ELECTRIFICADORA DEL CARIBE S.A. E.S.P.,usuarios Empresa Departamento,0,0,0,0,0,0,0,1,1,0,0,2
CAUCA,ELECTRIFICADORA DEL HUILA S.A. E.S.P.,usuarios Empresa Departamento,854,336,5,3,0,1,1199,1,6,26,5,38
CAUCA,EMPRESA DE ENERGIA DEL PUTUMAYO S.A. ESP,usuarios Empresa Departamento,931,0,0,0,0,0,931,2,35,19,0,56
CAUCA,EMPRESA MUNICIPAL DE ENERGÍA ELÉCTRICA S.A-E.S.P,usuarios Empresa Departamento,73,889,17,24,0,0,1003,10,35,27,0,72
CAUCA,EMPRESAS MUNICIPALES DE CALI   E.I.C.E  E.S.P,usuarios Empresa Departamento,511,2204,1636,4,0,4,4359,25,438,13,11,487
CAUCA,EMPRESAS PÚBLICAS DE MEDELLIN E.S.P.,usuarios Empresa Departamento,0,0,0,0,0,0,0,2,2,0,0,4
CAUCA,ENEL COLOMBIA S.A. E.S.P.,usuarios Empresa Departamento,0,0,0,0,0,0,0,14,1,0,0,15
CAUCA,ENERGIA EMPRESARIAL DE LA COSTA S.A. E.S.P.,usuarios Empresa Departamento,0,0,0,0,0,0,0,0,0,0,0,0
CAUCA,ENERTOTAL S.A. E.S.P.,usuarios Empresa Departamento,0,0,0,1,0,0,1,20,16,1,0,37
CAUCA,ISAGEN S.A. E.S.P.,usuarios Empresa Departamento,0,0,0,0,0,0,0,8,0,0,0,8
CAUCA,VATIA S.A. E.S.P.,usuarios Empresa Departamento,0,0,2,0,0,0,2,22,8,0,1,31
CESAR,CENTRALES ELECTRICAS DEL NORTE DE SANTANDER S.A. ESP,usuarios Empresa Departamento,19957,14120,2396,334,0,0,36807,39,2515,302,62,2918
CESAR,DISTRIBUIDORA Y COMERCIALIZADORA DE ENERGIA ELECTRICA S.A. E.S.P.,usuarios Empresa Departamento,0,0,0,0,0,0,0,2,2,0,0,4
CESAR,E2 ENERGIA EFICIENTE S.A. E.S.P.,usuarios Empresa Departamento,0,0,0,0,0,0,0,0,1,0,0,1
CESAR,ELECTRIFICADORA DE SANTANDER S.A. E.S.P.,usuarios Empresa Departamento,7546,4311,1165,63,0,0,13085,90,1042,148,41,1321
CESAR,ELECTRIFICADORA DEL CARIBE S.A. E.S.P.,usuarios Empresa Departamento,73956,69320,21559,4852,2290,742,172719,240,7876,452,1065,9633
CESAR,EMPRESA MUNICIPAL DE ENERGÍA ELÉCTRICA S.A-E.S.P,usuarios Empresa Departamento,0,0,0,0,0,0,0,0,0,0,0,0
CESAR,EMPRESAS PÚBLICAS DE MEDELLIN E.S.P.,usuarios Empresa Departamento,0,0,0,0,0,0,0,3,3,0,0,6
CESAR,ENEL COLOMBIA S.A. E.S.P.,usuarios Empresa Departamento,0,0,0,0,0,0,0,3,0,0,0,3
CESAR,ENERGIA EMPRESARIAL DE LA COSTA S.A. E.S.P.,usuarios Empresa Departamento,0,0,0,0,0,0,0,1,0,0,1,2
CESAR,ENERGIA SOCIAL DE LA COSTA S.A. ESP,usuarios Empresa Departamento,196,0,0,0,0,0,196,0,14,3,3,20
CESAR,RUITOQUE S.A. E.S.P.,usuarios Empresa Departamento,0,0,0,0,0,0,0,4,0,0,0,4
CESAR,VATIA S.A. E.S.P.,usuarios Empresa Departamento,0,0,0,0,1,0,1,6,27,0,1,34
CHOCO,CELSIA COLOMBIA S.A. E.S.P.,usuarios Empresa Departamento,353,301,3,0,0,0,657,2,19,11,1,33
CHOCO,CENTRAL HIDROELECTRICA DE CALDAS S.A. E.S.P. BIC BENEFICIO E INTERES COLECTIVO,usuarios Empresa Departamento,61,7,0,0,0,0,68,0,4,1,2,7
CHOCO,ELECTRIFICADORA DEL CARIBE S.A. E.S.P.,usuarios Empresa Departamento,0,0,0,0,0,0,0,0,1,0,0,1
CHOCO,EMPRESA DISTRIBUIDORA DEL PACIFICO S.A. E.S.P,usuarios Empresa Departamento,58329,5607,2696,7,0,0,66639,107,3846,678,1716,6347
CHOCO,EMPRESAS PÚBLICAS DE MEDELLIN E.S.P.,usuarios Empresa Departamento,566,865,327,1,0,0,1759,5,162,38,3,208
CHOCO,ENERGIA EMPRESARIAL DE LA COSTA S.A. E.S.P.,usuarios Empresa Departamento,0,0,0,0,0,0,0,0,0,0,0,0
CHOCO,ENERTOTAL S.A. E.S.P.,usuarios Empresa Departamento,0,0,0,0,0,0,0,2,0,0,0,2
CHOCO,ISAGEN S.A. E.S.P.,usuarios Empresa Departamento,0,0,0,0,0,0,0,1,0,0,0,1
CORDOBA,DISTRIBUIDORA Y COMERCIALIZADORA DE ENERGIA ELECTRICA S.A. E.S.P.,usuarios Empresa Departamento,0,0,0,0,0,0,0,1,4,0,0,5
CORDOBA,E2 ENERGIA EFICIENTE S.A. E.S.P.,usuarios Empresa Departamento,0,0,0,0,0,0,0,0,9,0,0,9
CORDOBA,ELECTRIFICADORA DEL CARIBE S.A. E.S.P.,usuarios Empresa Departamento,251545,73120,18939,4378,1809,1385,351176,327,15877,787,2589,19580
CORDOBA,EMPRESAS MUNICIPALES DE CALI   E.I.C.E  E.S.P,usuarios Empresa Departamento,0,0,0,0,0,0,0,1,0,0,0,1
CORDOBA,EMPRESAS PÚBLICAS DE MEDELLIN E.S.P.,usuarios Empresa Departamento,358,52,41,80,1,0,532,4,11,9,1,25
CORDOBA,ENEL COLOMBIA S.A. E.S.P.,usuarios Empresa Departamento,0,0,0,0,0,0,0,0,1,0,0,1
CORDOBA,ENERGIA EMPRESARIAL DE LA COSTA S.A. E.S.P.,usuarios Empresa Departamento,0,0,0,0,0,0,0,2,1,0,1,4
CORDOBA,ENERGIA SOCIAL DE LA COSTA S.A. ESP,usuarios Empresa Departamento,115,0,0,0,0,0,115,0,0,0,2,2
CORDOBA,ENERTOTAL S.A. E.S.P.,usuarios Empresa Departamento,0,0,12,0,0,0,12,7,56,0,4,67
CORDOBA,GENERADORA Y COMERCIALIZADORA DE ENERGIA DEL CARIBE S.A E.S.P,usuarios Empresa Departamento,0,0,0,0,0,0,0,1,0,0,0,1
CORDOBA,ISAGEN S.A. E.S.P.,usuarios Empresa Departamento,0,0,0,0,0,0,0,15,0,0,0,15
CORDOBA,VATIA S.A. E.S.P.,usuarios Empresa Departamento,0,0,0,1,0,0,1,0,18,0,1,19
CUNDINAMARCA,AES COLOMBIA & CIA S C A E S P,usuarios Empresa Departamento,0,0,0,0,0,0,0,1,0,0,0,1
CUNDINAMARCA,CELSIA COLOMBIA S.A. E.S.P.,usuarios Empresa Departamento,0,0,0,0,0,0,0,92,27,1,9,129
CUNDINAMARCA,CODENSA S.A. ESP,usuarios Empresa Departamento,50899,339639,134135,13519,2000,4217,544409,9886,32202,1562,2557,46207
CUNDINAMARCA,DISTRIBUIDORA Y COMERCIALIZADORA DE ENERGIA ELECTRICA S.A. E.S.P.,usuarios Empresa Departamento,0,0,32,0,0,0,32,56,38,0,3,97
CUNDINAMARCA,E2 ENERGIA EFICIENTE S.A. E.S.P.,usuarios Empresa Departamento,0,0,0,0,0,0,0,0,4,0,0,4
CUNDINAMARCA,ELECTRIFICADORA DEL CARIBE S.A. E.S.P.,usuarios Empresa Departamento,0,0,0,0,0,0,0,6,14,0,0,20
CUNDINAMARCA,ELECTRIFICADORA DEL META S.A. E.S.P.,usuarios Empresa Departamento,0,0,0,0,0,0,0,3,0,0,0,3
CUNDINAMARCA,EMPRESA DE ENERGIA DE BOYACA S.A. E.S.P. EMPRESA DE SERVICIOS PUBLICOS,usuarios Empresa Departamento,27,13,0,0,0,0,40,0,0,2,1,3
CUNDINAMARCA,EMPRESA DE ENERGIA DE CUNDINAMARCA S.A. ESP,usuarios Empresa Departamento,33015,88087,48487,20052,3037,1735,194413,1718,20269,1957,1054,24998
CUNDINAMARCA,EMPRESA DE ENERGÍA DE PEREIRA S.A. ESP.,usuarios Empresa Departamento,0,0,0,0,0,0,0,0,0,0,1,1
CUNDINAMARCA,EMPRESAS MUNICIPALES DE CALI   E.I.C.E  E.S.P,usuarios Empresa Departamento,0,0,0,0,0,0,0,2,1,1,0,4
CUNDINAMARCA,EMPRESAS PÚBLICAS DE MEDELLIN E.S.P.,usuarios Empresa Departamento,0,0,0,0,0,0,0,33,19,1,4,57
CUNDINAMARCA,ENEL COLOMBIA S.A. E.S.P.,usuarios Empresa Departamento,0,0,0,0,0,0,0,140,18,1,10,169
CUNDINAMARCA,ENERGIA & AGUA SAS ESP,usuarios Empresa Departamento,0,0,0,0,0,0,0,1,0,0,0,1
CUNDINAMARCA,ENERGIA EMPRESARIAL DE LA COSTA S.A. E.S.P.,usuarios Empresa Departamento,0,0,0,0,0,0,0,0,0,0,0,0
CUNDINAMARCA,ENERTOTAL S.A. E.S.P.,usuarios Empresa Departamento,1,1,22,0,0,1,25,51,38,2,1,92
CUNDINAMARCA,GENERSA S.A.S E.S.P.,usuarios Empresa Departamento,0,0,0,0,0,0,0,1,0,0,0,1
CUNDINAMARCA,ISAGEN S.A. E.S.P.,usuarios Empresa Departamento,0,0,0,0,0,0,0,19,0,0,3,22
CUNDINAMARCA,ITALCOL ENERGIA S.A. ESP.,usuarios Empresa Departamento,0,0,0,0,0,0,0,1,0,0,0,1
CUNDINAMARCA,LATIN AMERICAN CAPITAL CORP SA ESP,usuarios Empresa Departamento,355,1953,152,120,29,33,2642,2,144,27,28,201
CUNDINAMARCA,PROFESIONALES EN ENERGÍA S.A E.S.P,usuarios Empresa Departamento,0,0,0,0,0,0,0,12,1,0,1,14
CUNDINAMARCA,RUITOQUE S.A. E.S.P.,usuarios Empresa Departamento,0,0,0,0,0,0,0,8,0,0,1,9
CUNDINAMARCA,SPECTRUM RENOVAVEIS SAS ESP,usuarios Empresa Departamento,0,0,0,0,0,0,0,3,0,0,0,3
CUNDINAMARCA,VATIA S.A. E.S.P.,usuarios Empresa Departamento,0,0,0,8,0,0,8,29,166,0,19,214
D.C.,AES COLOMBIA & CIA S C A E S P,usuarios Empresa Departamento,0,0,0,0,0,0,0,1,0,0,0,1
D.C.,CODENSA S.A. ESP,usuarios Empresa Departamento,133423,672991,682476,258744,88996,70176,1906806,34226,224604,2676,5473,266979
D.C.,DISTRIBUIDORA Y COMERCIALIZADORA DE ENERGIA ELECTRICA S.A. E.S.P.,usuarios Empresa Departamento,0,252,51,0,0,25,328,232,367,3,0,602
D.C.,E2 ENERGIA EFICIENTE S.A. E.S.P.,usuarios Empresa Departamento,0,0,0,0,0,0,0,0,28,0,0,28
D.C.,ELECTRIFICADORA DEL CARIBE S.A. E.S.P.,usuarios Empresa Departamento,0,0,0,0,0,0,0,32,74,0,1,107
D.C.,ELECTRIFICADORA DEL HUILA S.A. E.S.P.,usuarios Empresa Departamento,0,0,0,0,0,0,0,0,1,0,0,1
D.C.,EMPRESA DE ENERGIA DE CUNDINAMARCA S.A. ESP,usuarios Empresa Departamento,0,0,0,0,0,0,0,0,0,1,0,1
D.C.,EMPRESAS MUNICIPALES DE CALI   E.I.C.E  E.S.P,usuarios Empresa Departamento,0,0,0,0,0,0,0,11,21,40,1,73
D.C.,EMPRESAS PÚBLICAS DE MEDELLIN E.S.P.,usuarios Empresa Departamento,0,0,0,0,0,0,0,24,67,1,1,93
D.C.,ENEL COLOMBIA S.A. E.S.P.,usuarios Empresa Departamento,0,0,0,0,0,0,0,242,103,10,62,417
D.C.,ENERGIA & AGUA SAS ESP,usuarios Empresa Departamento,0,0,0,0,0,0,0,6,0,0,1,7
D.C.,ENERGIA EMPRESARIAL DE LA COSTA S.A. E.S.P.,usuarios Empresa Departamento,0,0,0,0,0,0,0,1,0,0,0,1
D.C.,ENERTOTAL S.A. E.S.P.,usuarios Empresa Departamento,1,108,5,17,1,86,218,261,1234,1,53,1549
D.C.,GENERSA S.A.S E.S.P.,usuarios Empresa Departamento,0,0,0,0,0,0,0,13,0,0,0,13
D.C.,ISAGEN S.A. E.S.P.,usuarios Empresa Departamento,0,0,0,0,0,0,0,36,0,0,0,36
D.C.,PROFESIONALES EN ENERGÍA S.A E.S.P,usuarios Empresa Departamento,0,0,0,0,0,0,0,0,0,0,4,4
D.C.,RUITOQUE S.A. E.S.P.,usuarios Empresa Departamento,0,0,0,0,0,0,0,10,12,0,8,30
D.C.,SPECTRUM RENOVAVEIS SAS ESP,usuarios Empresa Departamento,0,0,0,0,0,0,0,11,0,0,0,11
D.C.,TERMOTASAJERO SA ESP,usuarios Empresa Departamento,0,0,0,0,0,0,0,3,0,0,0,3
D.C.,VATIA S.A. E.S.P.,usuarios Empresa Departamento,0,0,621,388,419,1,1429,52,1142,0,11,1205
GUAINIA,ENEL COLOMBIA S.A. E.S.P.,usuarios Empresa Departamento,0,0,0,0,0,0,0,0,0,0,2,2
GUAVIARE,EMPRESA DE ENERGIA ELECTRICA DEL DEPARTAMENTO DEL GUAVIARE SA ESP,usuarios Empresa Departamento,6171,4469,1296,1,0,0,11937,9,1723,219,1,1952
HUILA,DISTRIBUIDORA Y COMERCIALIZADORA DE ENERGIA ELECTRICA S.A. E.S.P.,usuarios Empresa Departamento,0,0,0,0,0,0,0,5,20,0,0,25
HUILA,E2 ENERGIA EFICIENTE S.A. E.S.P.,usuarios Empresa Departamento,0,0,0,0,0,0,0,0,1,0,0,1
HUILA,ELECTRIFICADORA DEL CARIBE S.A. E.S.P.,usuarios Empresa Departamento,0,0,0,0,0,0,0,1,7,0,0,8
HUILA,ELECTRIFICADORA DEL HUILA S.A. E.S.P.,usuarios Empresa Departamento,91200,132052,25717,8269,1706,183,259127,844,18598,2227,1580,23249
HUILA,EMPRESAS PÚBLICAS DE MEDELLIN E.S.P.,usuarios Empresa Departamento,0,0,0,0,0,0,0,1,5,0,0,6
HUILA,ENEL COLOMBIA S.A. E.S.P.,usuarios Empresa Departamento,0,0,0,0,0,0,0,5,3,1,0,9
HUILA,ENERGIA EMPRESARIAL DE LA COSTA S.A. E.S.P.,usuarios Empresa Departamento,0,0,0,0,0,0,0,0,0,0,0,0
HUILA,ENERTOTAL S.A. E.S.P.,usuarios Empresa Departamento,0,0,262,0,0,0,262,5,3,0,2,10
HUILA,GENERSA S.A.S E.S.P.,usuarios Empresa Departamento,0,0,0,0,0,0,0,1,0,0,0,1
HUILA,ITALCOL ENERGIA S.A. ESP.,usuarios Empresa Departamento,0,0,0,0,0,0,0,1,0,0,0,1
HUILA,VATIA S.A. E.S.P.,usuarios Empresa Departamento,0,1,0,0,0,0,1,2,25,0,2,29
LA GUAJIRA,DISTRIBUIDORA Y COMERCIALIZADORA DE ENERGIA ELECTRICA S.A. E.S.P.,usuarios Empresa Departamento,0,0,0,0,0,0,0,0,1,0,0,1
LA GUAJIRA,E2 ENERGIA EFICIENTE S.A. E.S.P.,usuarios Empresa Departamento,0,0,0,0,0,0,0,0,0,0,0,0
LA GUAJIRA,ELECTRIFICADORA DEL CARIBE S.A. E.S.P.,usuarios Empresa Departamento,49809,53537,12005,520,157,0,116028,94,6298,373,852,7617
LA GUAJIRA,ENERGIA EMPRESARIAL DE LA COSTA S.A. E.S.P.,usuarios Empresa Departamento,0,0,0,0,0,0,0,0,0,0,0,0
LA GUAJIRA,ENERGIA SOCIAL DE LA COSTA S.A. ESP,usuarios Empresa Departamento,110,0,0,0,0,0,110,0,2,0,3,5
LA GUAJIRA,VATIA S.A. E.S.P.,usuarios Empresa Departamento,0,0,0,0,0,0,0,0,10,0,0,10
MAGDALENA,DISTRIBUIDORA Y COMERCIALIZADORA DE ENERGIA ELECTRICA S.A. E.S.P.,usuarios Empresa Departamento,0,0,0,0,0,0,0,0,8,0,0,8
MAGDALENA,E2 ENERGIA EFICIENTE S.A. E.S.P.,usuarios Empresa Departamento,0,0,0,0,0,0,0,0,8,0,0,8
MAGDALENA,ELECTRIFICADORA DEL CARIBE S.A. E.S.P.,usuarios Empresa Departamento,92751,52944,39944,10424,3242,8946,208251,490,10483,553,1345,12871
MAGDALENA,EMPRESAS PÚBLICAS DE MEDELLIN E.S.P.,usuarios Empresa Departamento,0,0,0,0,0,0,0,3,8,0,0,11
MAGDALENA,ENEL COLOMBIA S.A. E.S.P.,usuarios Empresa Departamento,0,0,0,0,0,0,0,3,0,0,0,3
MAGDALENA,ENERGIA EMPRESARIAL DE LA COSTA S.A. E.S.P.,usuarios Empresa Departamento,0,0,0,0,0,0,0,1,0,0,0,1
MAGDALENA,ENERGIA SOCIAL DE LA COSTA S.A. ESP,usuarios Empresa Departamento,809,0,0,0,0,0,809,0,42,9,54,105
MAGDALENA,ENERTOTAL S.A. E.S.P.,usuarios Empresa Departamento,0,1249,0,0,0,0,1249,35,10,1,2,48
MAGDALENA,ISAGEN S.A. E.S.P.,usuarios Empresa Departamento,0,0,0,0,0,0,0,3,0,0,0,3
MAGDALENA,VATIA S.A. E.S.P.,usuarios Empresa Departamento,0,0,0,0,17,28,45,1,28,0,1,30
META,CELSIA COLOMBIA S.A. E.S.P.,usuarios Empresa Departamento,0,0,0,0,0,0,0,1,2,0,0,3
META,DISTRIBUIDORA Y COMERCIALIZADORA DE ENERGIA ELECTRICA S.A. E.S.P.,usuarios Empresa Departamento,0,0,0,0,0,0,0,17,94,1,0,112
META,E2 ENERGIA EFICIENTE S.A. E.S.P.,usuarios Empresa Departamento,0,0,0,0,0,0,0,0,1,0,0,1
META,ELECTRIFICADORA DEL CARIBE S.A. E.S.P.,usuarios Empresa Departamento,0,0,0,0,0,0,0,0,2,0,0,2
META,ELECTRIFICADORA DEL HUILA S.A. E.S.P.,usuarios Empresa Departamento,0,0,0,0,0,0,0,0,3,0,0,3
META,ELECTRIFICADORA DEL META S.A. E.S.P.,usuarios Empresa Departamento,61209,89349,66889,11515,3878,1275,234115,300,33831,1750,903,36784
META,EMPRESA DE ENERGIA DE CASANARE SA ESP,usuarios Empresa Departamento,494,340,11,0,0,0,845,3,122,33,2,160
META,EMPRESA DE ENERGIA DE CUNDINAMARCA S.A. ESP,usuarios Empresa Departamento,149,452,18,3,0,0,622,8,21,30,4,63
META,EMPRESA DE ENERGIA ELECTRICA DEL DEPARTAMENTO DEL GUAVIARE SA ESP,usuarios Empresa Departamento,968,236,17,0,0,0,1221,0,143,20,0,163
META,EMPRESAS MUNICIPALES DE CALI   E.I.C.E  E.S.P,usuarios Empresa Departamento,0,0,0,0,0,0,0,0,0,1,0,1
META,EMPRESAS PÚBLICAS DE MEDELLIN E.S.P.,usuarios Empresa Departamento,0,0,0,0,0,0,0,0,5,0,0,5
META,ENEL COLOMBIA S.A. E.S.P.,usuarios Empresa Departamento,0,0,0,0,0,0,0,2,3,1,0,6
META,ENERGIA EMPRESARIAL DE LA COSTA S.A. E.S.P.,usuarios Empresa Departamento,0,0,0,0,0,0,0,2,0,0,0,2
META,ENERTOTAL S.A. E.S.P.,usuarios Empresa Departamento,0,0,0,0,0,0,0,9,1,0,0,10
META,ITALCOL ENERGIA S.A. ESP.,usuarios Empresa Departamento,0,0,0,0,0,0,0,2,0,0,0,2
META,VATIA S.A. E.S.P.,usuarios Empresa Departamento,0,0,0,0,0,0,0,2,25,0,1,28
NARIÑO,A.S.C INGENIERIA SOCIEDAD ANONIMA SA ESP.,usuarios Empresa Departamento,0,63,152,97,0,0,312,25,661,9,39,734
NARIÑO,CENTRALES ELECTRICAS DE NARIÑO S.A. E.S.P.,usuarios Empresa Departamento,182604,103267,34893,11255,2855,14,334888,1132,15587,1917,1795,20431
NARIÑO,DISTRIBUIDORA Y COMERCIALIZADORA DE ENERGIA ELECTRICA S.A. E.S.P.,usuarios Empresa Departamento,0,0,6,29,0,0,35,2,211,0,0,213
NARIÑO,ELECTRIFICADORA DEL CARIBE S.A. E.S.P.,usuarios Empresa Departamento,0,0,0,0,0,0,0,0,2,0,0,2
NARIÑO,ELECTRIFICADORA DEL HUILA S.A. E.S.P.,usuarios Empresa Departamento,0,0,0,0,0,0,0,1,0,0,0,1
NARIÑO,EMPRESA DE ENERGIA DE CUNDINAMARCA S.A. ESP,usuarios Empresa Departamento,0,0,0,0,0,0,0,0,1,0,0,1
NARIÑO,EMPRESAS MUNICIPALES DE CALI   E.I.C.E  E.S.P,usuarios Empresa Departamento,0,0,0,0,0,0,0,0,0,1,0,1
NARIÑO,EMPRESAS PÚBLICAS DE MEDELLIN E.S.P.,usuarios Empresa Departamento,0,0,0,0,0,0,0,2,2,0,0,4
NARIÑO,ENEL COLOMBIA S.A. E.S.P.,usuarios Empresa Departamento,0,0,0,0,0,0,0,0,2,0,0,2
NARIÑO,ENERGIA EMPRESARIAL DE LA COSTA S.A. E.S.P.,usuarios Empresa Departamento,0,0,0,0,0,0,0,0,0,0,0,0
NARIÑO,ENERTOTAL S.A. E.S.P.,usuarios Empresa Departamento,0,0,0,187,320,0,507,27,611,5,4,647
NARIÑO,VATIA S.A. E.S.P.,usuarios Empresa Departamento,0,0,0,0,0,0,0,1,8,0,1,10
NORTE DE SANTANDER,CENTRALES ELECTRICAS DEL NORTE DE SANTANDER S.A. ESP,usuarios Empresa Departamento,87170,172902,57347,21231,3843,575,343068,1022,27383,2666,699,31770
NORTE DE SANTANDER,DISTRIBUIDORA Y COMERCIALIZADORA DE ENERGIA ELECTRICA S.A. E.S.P.,usuarios Empresa Departamento,0,0,0,0,0,0,0,1,7,0,0,8
NORTE DE SANTANDER,ELECTRIFICADORA DE SANTANDER S.A. E.S.P.,usuarios Empresa Departamento,790,897,70,13,0,0,1770,7,77,33,5,122
NORTE DE SANTANDER,ELECTRIFICADORA DEL CARIBE S.A. E.S.P.,usuarios Empresa Departamento,0,0,0,0,0,0,0,0,5,0,0,5
NORTE DE SANTANDER,EMPRESAS PÚBLICAS DE MEDELLIN E.S.P.,usuarios Empresa Departamento,0,0,0,0,0,0,0,0,4,0,0,4
NORTE DE SANTANDER,ENEL COLOMBIA S.A. E.S.P.,usuarios Empresa Departamento,0,0,0,0,0,0,0,4,2,1,0,7
NORTE DE SANTANDER,ENERGIA & AGUA SAS ESP,usuarios Empresa Departamento,0,0,0,0,0,0,0,0,1,0,0,1
NORTE DE SANTANDER,ENERGIA EMPRESARIAL DE LA COSTA S.A. E.S.P.,usuarios Empresa Departamento,0,0,0,0,0,0,0,0,0,0,0,0
NORTE DE SANTANDER,ENERTOTAL S.A. E.S.P.,usuarios Empresa Departamento,0,0,1,0,0,0,1,0,28,1,0,29
NORTE DE SANTANDER,ISAGEN S.A. E.S.P.,usuarios Empresa Departamento,0,0,0,0,0,0,0,3,0,0,0,3
NORTE DE SANTANDER,RUITOQUE S.A. E.S.P.,usuarios Empresa Departamento,0,0,0,0,0,0,0,1,0,0,0,1
NORTE DE SANTANDER,VATIA S.A. E.S.P.,usuarios Empresa Departamento,0,0,145,59,83,0,287,47,539,0,12,598
PUTUMAYO,EMPRESA DE ENERGIA DEL BAJO PUTUMAYO  S.A.  E.S.P.,usuarios Empresa Departamento,13979,6063,676,0,0,0,20718,111,2166,322,108,2707
PUTUMAYO,EMPRESA DE ENERGIA DEL PUTUMAYO S.A. ESP,usuarios Empresa Departamento,18880,5085,993,0,0,0,24958,141,2299,278,21,2739
PUTUMAYO,EMPRESA DE ENERGIA DEL VALLE DE SIBUNDOY S.A. E.S.P. ,usuarios Empresa Departamento,7302,1735,25,0,0,0,9062,8,155,94,8,265
PUTUMAYO,ENEL COLOMBIA S.A. E.S.P.,usuarios Empresa Departamento,0,0,0,0,0,0,0,4,0,0,0,4
PUTUMAYO,ENERTOTAL S.A. E.S.P.,usuarios Empresa Departamento,0,0,0,0,0,0,0,0,2,1,0,3
PUTUMAYO,VATIA S.A. E.S.P.,usuarios Empresa Departamento,0,0,0,0,0,0,0,0,1,0,0,1
QUINDIO,CELSIA COLOMBIA S.A. E.S.P.,usuarios Empresa Departamento,0,0,0,0,0,0,0,1,0,0,0,1
QUINDIO,DISTRIBUIDORA Y COMERCIALIZADORA DE ENERGIA ELECTRICA S.A. E.S.P.,usuarios Empresa Departamento,0,0,0,0,0,0,0,1,15,0,0,16
QUINDIO,E2 ENERGIA EFICIENTE S.A. E.S.P.,usuarios Empresa Departamento,0,0,0,0,0,0,0,0,5,0,0,5
QUINDIO,ELECTRIFICADORA DEL CARIBE S.A. E.S.P.,usuarios Empresa Departamento,0,0,0,0,0,0,0,0,7,0,0,7
QUINDIO,EMPRESA DE ENERGÍA DE PEREIRA S.A. ESP.,usuarios Empresa Departamento,1,148,1,1,0,0,151,0,5,0,0,5
QUINDIO,EMPRESA DE ENERGIA DEL  QUINDIO S.A.E.S.P.,usuarios Empresa Departamento,34975,56145,37308,11093,9082,1275,149878,1526,13704,959,2348,18537
QUINDIO,EMPRESAS PÚBLICAS DE MEDELLIN E.S.P.,usuarios Empresa Departamento,0,0,0,0,0,0,0,4,4,0,0,8
QUINDIO,ENEL COLOMBIA S.A. E.S.P.,usuarios Empresa Departamento,0,0,0,0,0,0,0,1,1,0,0,2
QUINDIO,ENERGIA EMPRESARIAL DE LA COSTA S.A. E.S.P.,usuarios Empresa Departamento,0,0,0,0,0,0,0,0,0,0,0,0
QUINDIO,ENERTOTAL S.A. E.S.P.,usuarios Empresa Departamento,0,0,0,0,0,0,0,1,0,0,0,1
QUINDIO,VATIA S.A. E.S.P.,usuarios Empresa Departamento,0,0,0,0,0,0,0,13,78,0,2,93
RISARALDA,CELSIA COLOMBIA S.A. E.S.P.,usuarios Empresa Departamento,0,0,0,0,0,0,0,3,0,0,0,3
RISARALDA,CENTRAL HIDROELECTRICA DE CALDAS S.A. E.S.P. BIC BENEFICIO E INTERES COLECTIVO,usuarios Empresa Departamento,21972,52627,42884,8132,436,138,126189,262,10127,494,2231,13114
RISARALDA,COMPAÑIA ENERGETICA DE OCCIDENTE S.A.S.  E.S.P.,usuarios Empresa Departamento,0,0,0,0,0,0,0,1,0,0,0,1
RISARALDA,DISTRIBUIDORA Y COMERCIALIZADORA DE ENERGIA ELECTRICA S.A. E.S.P.,usuarios Empresa Departamento,0,0,0,0,0,0,0,1,80,0,0,81
RISARALDA,E2 ENERGIA EFICIENTE S.A. E.S.P.,usuarios Empresa Departamento,0,0,0,0,0,0,0,0,7,0,0,7
RISARALDA,ELECTRIFICADORA DEL CARIBE S.A. E.S.P.,usuarios Empresa Departamento,0,0,0,0,0,0,0,1,7,0,0,8
RISARALDA,ELECTRIFICADORA DEL HUILA S.A. E.S.P.,usuarios Empresa Departamento,0,0,0,0,0,0,0,1,0,0,0,1
RISARALDA,EMPRESA DE ENERGÍA DE PEREIRA S.A. ESP.,usuarios Empresa Departamento,22061,44933,26396,21647,13555,9473,138065,857,14876,722,1339,17794
RISARALDA,EMPRESAS MUNICIPALES DE CALI   E.I.C.E  E.S.P,usuarios Empresa Departamento,0,0,0,0,0,0,0,0,2,0,0,2
RISARALDA,EMPRESAS MUNICIPALES DE CARTAGO S.A.S. E.S.P.,usuarios Empresa Departamento,730,908,39,0,1,7,1685,34,24,8,0,66
RISARALDA,EMPRESAS PÚBLICAS DE MEDELLIN E.S.P.,usuarios Empresa Departamento,0,0,0,0,0,0,0,3,9,0,0,12
RISARALDA,ENEL COLOMBIA S.A. E.S.P.,usuarios Empresa Departamento,0,0,0,0,0,0,0,2,5,0,0,7
RISARALDA,ENERGIA EMPRESARIAL DE LA COSTA S.A. E.S.P.,usuarios Empresa Departamento,0,0,0,0,0,0,0,0,0,0,0,0
RISARALDA,ENERTOTAL S.A. E.S.P.,usuarios Empresa Departamento,0,0,0,0,0,0,0,2,2,0,0,4
RISARALDA,GENERSA S.A.S E.S.P.,usuarios Empresa Departamento,0,0,0,0,0,0,0,1,0,0,0,1
RISARALDA,VATIA S.A. E.S.P.,usuarios Empresa Departamento,0,1,0,0,175,232,408,17,85,0,1,103
SANTANDER,CELSIA COLOMBIA S.A. E.S.P.,usuarios Empresa Departamento,0,0,0,0,0,0,0,1,0,0,0,1
SANTANDER,DISTRIBUIDORA Y COMERCIALIZADORA DE ENERGIA ELECTRICA S.A. E.S.P.,usuarios Empresa Departamento,0,0,0,0,0,0,0,1,2,0,0,3
SANTANDER,E2 ENERGIA EFICIENTE S.A. E.S.P.,usuarios Empresa Departamento,0,0,0,0,0,0,0,0,3,0,0,3
SANTANDER,ELECTRIFICADORA DE SANTANDER S.A. E.S.P.,usuarios Empresa Departamento,129770,244784,128181,72233,9654,8601,593223,8472,58488,4424,723,72107
SANTANDER,ELECTRIFICADORA DEL CARIBE S.A. E.S.P.,usuarios Empresa Departamento,0,0,0,0,0,0,0,1,3,0,0,4
SANTANDER,EMPRESA DE ENERGIA DE BOYACA S.A. E.S.P. EMPRESA DE SERVICIOS PUBLICOS,usuarios Empresa Departamento,64,632,101,1,0,2,800,0,21,41,3,65
SANTANDER,EMPRESA DE ENERGÍA DE PEREIRA S.A. ESP.,usuarios Empresa Departamento,0,0,0,0,0,0,0,0,1,0,0,1
SANTANDER,EMPRESAS PÚBLICAS DE MEDELLIN E.S.P.,usuarios Empresa Departamento,0,0,0,0,0,0,0,18,19,3,1,41
SANTANDER,ENEL COLOMBIA S.A. E.S.P.,usuarios Empresa Departamento,0,0,0,0,0,0,0,11,11,1,0,23
SANTANDER,ENERGIA & AGUA SAS ESP,usuarios Empresa Departamento,0,0,0,0,0,0,0,6,10,0,6,22
SANTANDER,ENERGIA EMPRESARIAL DE LA COSTA S.A. E.S.P.,usuarios Empresa Departamento,0,0,0,0,0,0,0,0,0,0,0,0
SANTANDER,ISAGEN S.A. E.S.P.,usuarios Empresa Departamento,0,0,0,0,0,0,0,11,0,0,0,11
SANTANDER,ITALCOL ENERGIA S.A. ESP.,usuarios Empresa Departamento,0,0,0,0,0,0,0,7,0,0,0,7
SANTANDER,RUITOQUE S.A. E.S.P.,usuarios Empresa Departamento,0,2,657,1028,651,1337,3675,32,351,0,186,569
SANTANDER,VATIA S.A. E.S.P.,usuarios Empresa Departamento,0,1,1511,3124,555,456,5647,170,1123,4,34,1331
SUCRE,DISTRIBUIDORA Y COMERCIALIZADORA DE ENERGIA ELECTRICA S.A. E.S.P.,usuarios Empresa Departamento,0,0,0,0,0,0,0,0,1,0,0,1
SUCRE,E2 ENERGIA EFICIENTE S.A. E.S.P.,usuarios Empresa Departamento,0,0,0,0,0,0,0,0,7,0,0,7
SUCRE,ELECTRIFICADORA DEL CARIBE S.A. E.S.P.,usuarios Empresa Departamento,128254,54523,9666,3021,386,643,196493,201,6569,568,1493,8831
SUCRE,EMPRESAS MUNICIPALES DE CALI   E.I.C.E  E.S.P,usuarios Empresa Departamento,0,0,0,0,0,0,0,0,0,2,0,2
SUCRE,EMPRESAS PÚBLICAS DE MEDELLIN E.S.P.,usuarios Empresa Departamento,0,0,0,0,0,0,0,0,3,0,0,3
SUCRE,ENERGIA EMPRESARIAL DE LA COSTA S.A. E.S.P.,usuarios Empresa Departamento,0,0,0,0,0,0,0,2,0,0,0,2
SUCRE,ENERGIA SOCIAL DE LA COSTA S.A. ESP,usuarios Empresa Departamento,91,0,0,0,0,0,91,0,0,0,0,0
SUCRE,ENERTOTAL S.A. E.S.P.,usuarios Empresa Departamento,1,3,39,1,1,2,47,4,44,0,3,51
SUCRE,ISAGEN S.A. E.S.P.,usuarios Empresa Departamento,0,0,0,0,0,0,0,2,0,0,0,2
SUCRE,VATIA S.A. E.S.P.,usuarios Empresa Departamento,0,0,0,0,0,0,0,0,21,0,0,21
TOLIMA,CENTRAL HIDROELECTRICA DE CALDAS S.A. E.S.P. BIC BENEFICIO E INTERES COLECTIVO,usuarios Empresa Departamento,194,205,49,11,0,0,459,0,4,1,6,11
TOLIMA,CODENSA S.A. ESP,usuarios Empresa Departamento,0,479,1,0,0,0,480,0,5,1,1,7
TOLIMA,DISTRIBUIDORA Y COMERCIALIZADORA DE ENERGIA ELECTRICA S.A. E.S.P.,usuarios Empresa Departamento,0,0,0,38,0,0,38,3,75,0,0,78
TOLIMA,E2 ENERGIA EFICIENTE S.A. E.S.P.,usuarios Empresa Departamento,0,0,0,0,0,0,0,0,2,0,0,2
TOLIMA,ELECTRIFICADORA DEL CARIBE S.A. E.S.P.,usuarios Empresa Departamento,0,0,0,0,0,0,0,1,9,0,0,10
TOLIMA,ELECTRIFICADORA DEL HUILA S.A. E.S.P.,usuarios Empresa Departamento,27,0,0,0,0,0,27,2,3,0,0,5
TOLIMA,EMPRESA DE ENERGIA DE CUNDINAMARCA S.A. ESP,usuarios Empresa Departamento,284,3265,4727,7,0,0,8283,30,330,57,37,454
TOLIMA,EMPRESAS PÚBLICAS DE MEDELLIN E.S.P.,usuarios Empresa Departamento,0,0,0,0,0,0,0,8,5,1,0,14
TOLIMA,ENEL COLOMBIA S.A. E.S.P.,usuarios Empresa Departamento,0,0,0,0,0,0,0,8,2,1,0,11
TOLIMA,ENERGIA EMPRESARIAL DE LA COSTA S.A. E.S.P.,usuarios Empresa Departamento,0,0,0,0,0,0,0,0,0,0,0,0
TOLIMA,ENERTOTAL S.A. E.S.P.,usuarios Empresa Departamento,0,0,0,0,0,0,0,4,13,0,1,18
TOLIMA,ISAGEN S.A. E.S.P.,usuarios Empresa Departamento,0,0,0,0,0,0,0,11,0,0,0,11
TOLIMA,ITALCOL ENERGIA S.A. ESP.,usuarios Empresa Departamento,0,0,0,0,0,0,0,2,0,0,0,2
TOLIMA,LATIN AMERICAN CAPITAL CORP SA ESP,usuarios Empresa Departamento,104293,194521,62328,18595,4753,833,385323,480,35646,1900,3409,41435
TOLIMA,VATIA S.A. E.S.P.,usuarios Empresa Departamento,0,0,1,23,0,0,24,39,182,0,5,226
VALLE,CELSIA COLOMBIA S.A. E.S.P.,usuarios Empresa Departamento,113524,207753,80610,14200,4708,212,421007,2117,21908,1544,793,26362
VALLE,COMPAÑÍA DE ELECTRICIDAD DE TULUÁ S.A. E.S.P.,usuarios Empresa Departamento,3940,25457,16365,3718,3509,76,53065,272,3435,165,17,3889
VALLE,COMPAÑIA ENERGETICA DE OCCIDENTE S.A.S.  E.S.P.,usuarios Empresa Departamento,0,0,0,0,0,0,0,1,1,0,0,2
VALLE,DISTRIBUIDORA Y COMERCIALIZADORA DE ENERGIA ELECTRICA S.A. E.S.P.,usuarios Empresa Departamento,0,20,324,1412,2241,525,4522,113,4209,16,0,4338
VALLE,E2 ENERGIA EFICIENTE S.A. E.S.P.,usuarios Empresa Departamento,0,0,0,0,0,0,0,0,56,0,0,56
VALLE,ELECTRIFICADORA DEL CARIBE S.A. E.S.P.,usuarios Empresa Departamento,0,0,0,0,0,0,0,7,27,0,0,34
VALLE,ELECTRIFICADORA DEL HUILA S.A. E.S.P.,usuarios Empresa Departamento,0,0,0,0,0,0,0,1,0,0,0,1
VALLE,EMPRESA DE ENERGIA DE CUNDINAMARCA S.A. ESP,usuarios Empresa Departamento,0,0,0,0,0,0,0,0,1,0,0,1
VALLE,EMPRESA DE ENERGÍA DE PEREIRA S.A. ESP.,usuarios Empresa Departamento,0,12,0,1,1,0,14,0,1,0,0,1
VALLE,EMPRESAS MUNICIPALES DE CALI   E.I.C.E  E.S.P,usuarios Empresa Departamento,108698,155571,179631,66833,43774,16463,570970,1655,48586,1232,705,52178
VALLE,EMPRESAS MUNICIPALES DE CARTAGO S.A.S. E.S.P.,usuarios Empresa Departamento,4404,11284,13955,4041,1054,118,34856,362,3692,139,0,4193
VALLE,EMPRESAS PÚBLICAS DE MEDELLIN E.S.P.,usuarios Empresa Departamento,0,0,0,0,0,0,0,13,26,1,0,40
VALLE,ENEL COLOMBIA S.A. E.S.P.,usuarios Empresa Departamento,0,0,0,0,0,0,0,10,15,0,0,25
VALLE,ENERGIA EMPRESARIAL DE LA COSTA S.A. E.S.P.,usuarios Empresa Departamento,0,0,0,0,0,0,0,0,0,0,0,0
VALLE,ENERTOTAL S.A. E.S.P.,usuarios Empresa Departamento,1522,1059,1608,3001,1429,527,9146,87,994,1,13,1095
VALLE,ISAGEN S.A. E.S.P.,usuarios Empresa Departamento,0,0,0,0,0,0,0,34,0,0,0,34
VALLE,ITALCOL ENERGIA S.A. ESP.,usuarios Empresa Departamento,0,0,0,0,0,0,0,3,0,0,0,3
VALLE,VATIA S.A. E.S.P.,usuarios Empresa Departamento,0,413,291,41,365,91,1201,132,837,0,5,974
